District|Annual Dropout Rate '08|Graduation Rate '08|CMT 2007-08 3rd Grade Math, % At/Above Proficient Level|CMT 2007-08 3rd Grade Reading, % At/Above Proficient Level|CMT 2007-08 3rd Grade Writing, % At/Above Proficient Level|CMT 2007-08 4th Grade Math, % At/Above Proficient Level|CMT 2007-08 4th Grade Reading, % At/Above Proficient Level|CMT 2007-08 4th Grade Writing, % At/Above Proficient Level|CMT 2007-08 5th Grade Math, % At/Above Proficient Level|CMT 2007-08 5th Grade Reading, % At/Above Proficient Level|CMT 2007-08 5th Grade Science, % At/Above Proficient Level|CMT 2007-08 5th Grade Writing, % At/Above Proficient Level|CMT 2007-08 6th Grade Math, % At/Above Proficient Level|CMT 2007-08 6th Grade Reading, % At/Above Proficient Level|CMT 2007-08 6th Grade Writing, % At/Above Proficient Level|CMT 2007-08 7th Grade Math, % At/Above Proficient Level|CMT 2007-08 7th Grade Reading, % At/Above Proficient Level|CMT 2007-08 7th Grade Writing, % At/Above Proficient Level|CMT 2007-08 8th Grade Math, % At/Above Proficient Level|CMT 2007-08 8th Grade Reading, % At/Above Proficient Level|CMT 2007-08 8th Grade Science, % At/Above Proficient Level|CMT 2007-08 8th Grade Writing, % At/Above Proficient Level|CAPT 2007-08 Math, % At/Above Proficient Level|CAPT 2007-08 Reading, % At/Above Proficient Level|CAPT 2007-08 Science, % At/Above Proficient Level|CAPT 2007-08 Writing, % At/Above Proficient Level|SAT - % of Seniors that Tested, 2008|% Students Eligible for Free/Reduced Lunch, 2007-2008|2007-08 % of Revenue, Local|2007-08 % of Revenue, State|2007-08 % of Revenue, Federal|Per Pupil Expenditures 2007-08, Instructional Staff and Services|Per Pupil Expenditures 2007-08, Student Support Services|Per Pupil Expenditures 2007-08, Instructional Supplies and Equipment|Per Pupil Expenditures 2007-08, Plant Operation and Maintenance|Per Pupil Expenditures 2007-08, Administration and Support Services|Per Pupil Expenditures 2007-08, Instruction and Education Media Services|Per Pupil Expenditures 2007-08, Total Expenditures|Percentage of First Year Teachers and Instructors, 2007-08|Percentage of Teachers and Instructors with Highest Level of Education being a PhD, 2007-08|Percentage of Teachers and Instructors with Highest Level of Education being a Masters, 2007-08|Percentage of Teachers and Instructors with Highest Level of Education being a Bachelors, 2007-08|Percentage of Teachers and Instructors with Highest Level of Education being a Sixth Year, 2007-08|Percentage of Teachers and Instructors with No BA/BS, 2007-08|Average Elementary Salary of Teachers and Instructors, 2007-08|Average English/Language Arts Salary of Teachers and Instructors, 2007-08|Average Science Salary of Teachers and Instructors, 2007-08|Average Math Salary of Teachers and Instructors, 2007-08|Percentage of English Language Learners (ELL), 2007-08|Average Kindergarten Class Size, 2007-08|Average Grade 5 Class Size, 2007-08|Average High School Class Size, 2007-08|Percentage of Kindergarteners with Pre-K Experience, 2007-08|Grade 2 Instructional Time in Computer Science, 2007-08|Grade 2 Instructional Time in Math, 2007-08|Grade 2 Instructional Time for in Science, 2007-08|Number of Print Volumes Per Student, 2007-08|Median Gross Rent (Dollars) 1999|Median Value (Dollars) For All Owner-Occupied Housing Units|Per Capita Income 1999|Median HH Income in 1999 for Ower Occupied|Median HH Income in 1999 for Renter Occupied|Total Schools In District
Andover School District|||97.6|78.6|88.1|90.4|80.8|96.2|97.8|91.3|91.3|95.7|90.4|96.2|92.3|||||||||||||56.7|||||||||||10.0|0.0|73.3|26.7|0.0|0.0|52476|||||15.0|15.3||88.4|11|222|92|29.8|544|156500|30273|71098|31563|1
Ansonia School District|1.6|91.4|84.3|57.7|76.4|89.1|69.1|85|86.8|63.7|76.4|85.2|72|64.3|83.5|68|65.5|64.4|69.3|81.5|58.7|74.8|62.5|76.2|72.8|81.8|59.9|48|33.3|59.7|5.6|6371|358|327|903|1281|311|10261|8.0|0.0|51.1|29.3|19.5|0.0|53722|51956|50725|54590|2.9|20.7|20.7|20.8|62.3|14.0|195.0|60.0|12.6|691|139500|20504|54783|30310|6
Ashford School District|||70.2|63.8|76.6|77.1|75|76.6|79.6|70.4|79.6|72.2|91.1|85.7|75|89.8|91.5|86.4|91.4|84.3|92.9|88.6||||||14.2|||||||||||8.7|0.0|76.1|23.9|0.0|0.0|50477|36889|48855|49959|1.0|11.7|17.0||62.9|9.0|180.0|54.0|20.8|657|140000|26104|60250|30179|1
Avon School District|0.4|98.8|90.8|87.7|95.1|96.3|89.3|96.3|94.5|91.6|94.5|98.5|96.5|95.8|96.5|96.5|96.5|97.2|95.4|94.7|97.1|96.7|95.6|95.6|97.1|95.9|93.5|2.7|92.9|5.2|1.2|6532|1190|175|1187|941|241|11130|2.5|2.1|52.7|7.4|37.9|0.0|71552|73836|76331|72189|1.4|15.9|23.2|17.9|80.6|21.0|180.0|69.0|20.5|955|241400|51706|97396|47135|4
Barkhamsted School District|||94.6|82.1|91.1|90.9|79.5|90.9|93.9|87.9|97|93.9|89.1|91.3|93.5|||||||||||||4.7|||||||||||0.0|0.0|85.2|11.1|3.7|0.0|67809||||0.3|17.0|16.5||88.2|18.0|139.0|90.0|46.5|695|163800|28961|70987|39643|1
Berlin School District|2.1|91.8|90.7|82.3|91.6|90.6|85.9|96.1|91.4|88.8|93.2|94.4|92.9|92.9|96.3|92.2|91.4|94.5|89.9|87.7|89.9|90.3|92.7|92.3|93.1|96.1|71.1|6.2|80.1|18.1|1.7|6343|1036|278|1465|1289|309|11722|2.1|0.9|73.6|20.9|4.7|0.0|62154|61453|58517|60701|2.3|17.5|21.4|20.1|89.5||189.0|52.0|24.1|708|169100|27744|71652|32885|5
Bethany School District|||93.9|75.6|97.6|88.5|80.8|89.7|88.8|74.2|95.5|88.8|91|89.9|86.5|||||||||||||2.8|||||||||||4.3|0.0|71.7|17.4|10.9|0.0|48570|||||17.8|21.5||89.9|24.0|180.0|40.0|27.0|793|223200|31403|77851|46875|1
Bethel School District|0.4|99.6|93.6|85.9|90.5|94|82.2|93.6|92.9|80.8|93.9|94.8|94.8|85.6|88.4|92.8|89|89.9|93.6|91.6|88.8|93.6|90.2|90.5|89.9|94.6|81.2|8.3|76.1|22.4|1.4|7051|885|171|1245|1296|908|12849|4.4|0.4|56.5|30.6|12.5|0.0|56681|52469|66196|59631|3.8|15.8|21.6|20.3|72.8|21.0|181.0|80.0|28.5|877|216400|28927|77804|40313|6
Bloomfield School District|1.3|87.7|80.7|60.2|85.4|82.7|63.7|90.5|68.4|55.4|65.5|84.1|80.8|64.3|73.2|66.4|55.7|68|59.3|62.1|50.3|79.9|53.1|69.8|62.4|79.6|80.5|39.9|78.4|18.1|2.8|8800|1382|603|2198|2726|306|15258|5.4|0.5|59.1|33.5|6.4|0.5|57912|58529|55048|57247|0.4|15.3|17.3|19.9|85.4|18.0|198.0|52.0|37.4|830|133300|28843|62629|34179|5
Bolton School District|0.7|98.4|93.1|84.2|93.1|98.6|91.8|94.5|91|82.1|97|92.5|95.7|94.7|90.3|88|86.7|84.3|96.8|96.8|96.8|95.2|98.5|95.5|98.5|100|84.4|5.8|67.8|28.8|1.6|7936|906|183|1276|1524|604|13575|2.6|0.0|77.9|22.1|0.0|0.0|58645|57745|61057|53061||12.3|16.8|13.0|83.8|24.0|185.0|90.0|36.9|674|174200|29205|73708|39219|2
Bozrah School District|||80|84|92|81|76.2|85.7|96.3|85.2|85.2|88.9|91.7|88.9|83.3|93.1|93.1|96.6|94.3|94.3|97.1|97.1||||||13.6|||||||||||0.0|0.0|64.0|24.0|12.0|0.0|55825|31688|70222|68922|1.1|14.5|15.0||82.1|27.0|180.0|54.0|39.8|639|145800|26569|61652|35625|1
Branford School District|1.1|93.6|85.2|74.9|84.7|87.7|83.3|89.7|90.7|82.5|95.1|92.7|92|88.2|92.3|91.5|86.8|91.5|92.8|86.6|92.4|95.8|90.1|90.2|91.9|94.2|78.8|13.2|92|5.6|2.2|7580|817|392|1083|1194|579|13002|2.8|0.0|59.0|25.9|15.2|0.0|64047|61281|57861|59998|2.3|16.7|20.9|20.0|87.4|22.0|165.0|69.0|24.5|833|171000|32301|65865|37744|6
Bridgeport School District|6.8|69.8|54.6|39.4|60.4|55.6|39.9|64.3|57.5|41.5|47.9|65.4|63.8|50.1|66.3|56.3|54.9|56.5|50.1|47.2|37.1|59.3|37.2|44.8|32|57.8|49.6|97.8|21.5|68.2|9.9|7599|668|311|1320|1127|299|12510|7.4|1.0|48.8|15.5|34.7|0.0|59247|58348|59931|64705|13.5|21.9|23.3|17.5|72.8||195.0|96.0|13.4|671|107700|16306|48106|25374|37
Bristol School District|1.1|95.9|84|69|86.8|77.8|66|80.1|82.1|73.5|81|86|85.6|78|77.3|85|79.9|76.7|83.1|79.5|77.8|80.6|88.5|90|87.9|91.1|63|31.9|50.6|44.9|3.7|6902|444|210|1076|1033|557|11374|2.9|0.8|76.4|19.6|3.2|0.0|63241|67333|66365|67322|3.1|16.0|21.1|20.6|86.5|9.0|181.0|54.0|18.7|594|123700|23362|59434|30781|16
Brookfield School District|0|99.2|92.2|82|91.2|93.9|89.3|97|90.5|87.2|92.9|93.8|96.7|92.5|93.7|95.5|93.9|93.9|96.5|85.6|94.1|97.6|95.9|97|97.4|98.1|89.2|2.5|92.4|5.8|1.8|6472|848|130|897|2049|524|11774|3.8|1.9|59.5|28.6|10.0|0.0|60743|62404|62047|68028|1.3|18.6|20.9|22.1|97.7|21.0|240.0|68.0|23.1|946|242000|37063|86785|51875|4
Brooklyn School District|||78.2|71.3|81.2|81|65|81.6|85.9|80.4|87.1|89.1|88.3|86.2|79.8|85.7|79.5|85.7|89.4|85.6|91.3|85.6||||||16.4|49.2|48|2.9|6381|851|117|829|943|219|10033|1.5|0.0|75.0|17.6|7.4|0.0|61156|65159|65084|65788||15.8|18.4||100.0|27.0|186.0|60.0|21.8|513|127800|20359|59477|22935|2
Canaan School District|||||||||||||100|90.5|90.5||||91.3|82.6|91.3|91.3||||||11.9||||||||||||0.0|80.0|6.7|13.3|0.0|65165|69314|47518|||10.0|7.0||90.0|23.0|228.0|47.0|111.8|570|172300|35841|60833|27813|1
Canterbury School District|||89.5|66.7|89.5|91.5|68.1|91.5|85.7|82.9|97.1|91.4|94.8|93.1|91.4|91.2|92.6|91.2|91.3|88.4|92.8|88.4||||||15.6|51.2|46.5|2.2|7759|583|431|1869|1281|128|14553|2.2|0.0|77.8|13.3|8.9|0.0|61174|57890|56659|60622|0.2|20.0|22.7||75.6|15.0|200.0|70.0|36.4|522|130400|22317|64509|21591|2
Canton School District|0.6|98.4|92.6|80.1|91.9|93.2|84.7|94|95.6|91.2|94.9|97.1|93.4|90.8|90.1|96.8|91.3|92.1|97.9|94.3|92.9|97.9|96.2|98.5|96.2|97.7|85.8|2.8|79.1|18.2|1.6|6748|884|296|1736|1627|143|12550|5.0|0.0|53.7|39.7|6.6|0.0|53129|54243|69827|58127|0.8|18.0|22.7|19.9|93.7|30.0|183.0|93.0|29.5|694|175900|33151|72755|35700|3
Chaplin School District|||62.1|62.1|82.1||||71.9|71.9|84.4|78.1|74.3|77.1|77.1|||||||||||||19.5|||||||||||0.0|0.0|87.5|8.3|4.2|0.0|56765|22244||||11.5|17.0||87.0|20.0|200.0|50.0|49.9|624|120900|22101|56731|37500|1
Cheshire School District|0.6|98.2|95|82.6|90.1|94|81.9|91.5|94.1|90.8|96.2|98.2|96.8|93.4|94.4|96.7|94.4|94.6|95.8|92|92.7|94.6|94.6|97|95.3|97|90.9|3.4|79.8|17.1|2.2|6566|723|209|1161|1052|403|11241|4.1|1.7|66.0|23.2|9.1|0.0|65480|60916|63771|67523|0.8|16.4|21.0|18.9|97.0|27.0|210.0|54.0|24.5|798|206700|33903|86724|34519|8
Chester School District|||90.5|87.8|92.7|98.1|68.5|83.3|88.7|92.5|90.6|92.5|91.1|96.4|92.9|||||||||||||5.3|||||||||||9.1|0.0|57.6|27.3|15.2|0.0|52771|||||15.0|18.3||93.3|18.0|210.0|104.0|33.4|816|186100|32191|67402|39900|1
Clinton School District|3.4|92.8|87.8|81.6|94.6|83.1|77.7|85.5|91.2|84.2|89.5|90.1|92.4|86.6|88.5|93|88.6|88|91|90.3|85.4|90.3|80.5|85|87.2|94.1|66.1|8.1|74.2|23.4|2.4|8475|908|535|1083|931|359|13462|2.9|0.0|64.7|23.7|11.6|0.0|63210|58551|62143|61495|1.7|19.0|23.1|17.2|84.8|12.0|181.0|47.0|24.7|771|163200|26080|67327|38207|4
Colchester School District|0.5|96.7|88.3|74.3|90.2|94.1|83.9|91.5|92.1|82.8|88.1|91.6|90|87|90.4|91.5|89.2|84.8|92.1|90.2|88.7|93.3|89.8|84.9|93.5|88.6|70.5|8.1|55.4|42|2.3|6111|786|212|953|1014|241|10558|1.7|0.0|64.9|29.0|6.1|0.0|59560|55106|59027|49703|0.6|20.5|22.8|19.9|83.1||180.0|73.0|16.9|689|159300|27038|75037|38648|5
Colebrook School District|||||||||||||95.5|100|100|||||||||||||10.7|||||||||||0.0|0.0|79.6|23.1|0.0|0.0|65508|||||13.0|14.0||85.7|18.0|195.0|90.0|96.0|900|183300|29789|60333|40500|1
Columbia School District|||81.8|72.7|90.6|83.6|72.1|88.5|83.3|77.4|92.6|84.9|94|86.4|81.8|94.3|91.4|88.6|87.3|83.1|91.5|90.1||||||5.6|||||||||||3.6|0.0|78.2|12.7|9.1|0.0|59279|57204|52788|55111|0.2|18.3|13.8||85.5|26.0|273.0|118.0|40.7|783|162100|29446|74946|45227|1
Connecticut Technical High School System|0.3|96.8|||||||||||||||||||||80.7|82|80.3|90|32.3|26.9|0|94.4|3.9|7238|1608|796|2180|2300|92|14641|4.5|0.3|33.9|33.2|3.3|29.4||43742|48536|43472|3.2|||18|||||12.8||||||
Cornwall School District||||||||||||||||||||100|100|95||||||5.4|||||||||||0.0|0.0|77.8|16.7|5.6|0.0|53377|67708|49562|67708||15.0|14.0||93.3|24.0|175.0|55.0|74.8|625|140600|42484|63250|34444|1
Coventry School District|1.1|96.4|89.7|80.8|92.3|88.2|78.4|92.2|87.9|76.6|91.7|86.1|85|85.5|83.8|89.6|85.7|81.3|79.2|74.3|80.2|82|89.7|88.9|88.8|93.1|65.7|9.4|57.3|40|2.3|6732|1093|175|999|1105|277|11623|2.7|1.3|65.1|30.2|3.4|0.0|56839|56787|61184|59078||18.6|23.3|18.3|65.6|14.0|194.0|65.0|17.7|713|145900|27143|70244|34811|4
Cromwell School District|0.5|96|78.5|71.3|81.5|85.2|78.4|90.7|90.5|81.8|88.5|91.2|88.6|92.4|89.9|86.9|86.9|91.1|86.8|88.2|88.8|96.7|91.9|96.3|94.1|97.1|72.2|11.2|77.6|19.8|2.4|7819|527|334|1187|1395|131|12387|3.8|0.6|66.7|23.7|9.0|0.0|59499|62649|56129|58685|3.2|15.6|21.6|17.1|77.4|20.0|180.0|50.0|20.7|797|136200|29786|67529|43646|3
Danbury School District|2.5|89|78.7|58.2|76.9|82.5|61.6|79.3|88|71.2|77.5|85.1|81.9|69.2|77|78.4|71.6|70.8|74.7|68.1|69.9|78.2|67.3|74.9|72|78.4|68.2|33.4|69.2|25.2|4.7|7675|717|304|904|1054|471|11701|4.3|0.7|59.4|26.3|13.6|0.0|62912|67331|66622|67515|18.4|18.8|19.4|22.6|65.2|25.0|165.0|53.0|18.8|818|174600|24500|66186|38495|17
Darien School District|0.3|98.8|97|92.4|97.3|96.9|90.5|96.9|96.2|94.8|97.3|99.2|95.9|94.8|96.1|97.7|96.6|98.3|96.2|93.5|94.6|96.7|95.9|96.6|95.9|96.6|95.6|1.7|92.4|6.3|1.1|8901|466|279|1491|1356|501|14147|6.5|1.8|81.7|13.4|3.1|0.0|61062|65442|71698|65915|0.9|20.8|22.0|19.1|99.2|27.0|225.0|54.0|31.7|1281|701300|77519|158191|66759|7
Deep River School District|||81.8|68.2|88.4|96.2|84.9|90.6|88.9|70.4|85.2|92.6|84.6|84.6|89.7|||||||||||||9.8|||||||||||10.8|0.0|78.4|21.6|0.0|0.0|55641||||3.6|15.0|17.7||57.8|18.0|210.0|104.0|28.6|769|162900|32604|65069|28516|1
Derby School District|2.8|88.8|80.2|65.3|77.8|61.8|58.4|78.7|62.5|60.8|72.5|85.8|81.7|78.2|83.6|72|74.3|80|71.2|70.9|70.1|81.3|61.2|74.3|64.2|87.6|66|40.2|53.6|42.1|4.2|6649|1009|321|1116|1468|263|11513|6.6|0.9|56.6|23.6|18.9|0.0|58098|56260|58984|53456|7.6|19.5|17.7|23.5|69.2|24.0|182.0|95.0|21.2|691|132000|23117|54690|35730|3
East Granby School District|0.8|97|85.7|81|92.1|89.9|81|88.6|93.8|89.2|93.8|96.9|93.3|88|86.7|96.2|96.2|87.3|87.3|84.1|88.9|90.5|93.9|98|95.9|98|77.6|1.1|84.8|13.6|1.3|7924|666|365|1291|1797|649|13688|6.8|0.0|75.3|23.3|1.4|0.0|68533|62011|72612|61875|0.8|14.5|20.7|17.7|96.6|20.0|230.0|70.0|30.3|717|165700|30805|73603|40938|4
East Haddam School District|1|91.6|85.3|81.4|89.2|93.2|76.5|88.3|92.2|79.5|90.6|85.9|92|82.1|83.8|88.8|87.1|87.1|88.3|86.7|82.5|89.9|87.7|85.3|91.3|93|70.5|5.8|69.9|24.3|2.3|6979|731|297|1477|1358|278|12639|2.9|1.9|65.4|17.3|15.4|0.0|59349|53788|62486|49993|0.2|15.9|25.2|20.7|72.1|27.0|181.0|110.0|32.7|677|170500|28112|65753|39479|3
East Hampton School District|0.5|98.6|88|78.4|93.4|80.4|77|88.5|93.9|86.7|94.5|94.5|93.4|86.8|90.7|92.9|88.4|90.9|93.4|84.9|89.9|90|88.1|91.5|92.3|95.7|70.6|7.4|65|32.9|2|6923|761|378|1226|1182|277|12055|6.7|0.7|76.5|18.1|4.7|0.0|63504|64004|64831|61341|0.3|19.6|23.7|19.9|91.0|3.0|185.0|62.0|22.1|721|148200|22769|71399|37717|4
East Hartford School District|4.2|88.3|65.3|45.2|74.5|69|48.6|74.7|64.7|50|51.6|74.3|59|52.5|68.3|61.2|54.6|60.6|67|56.2|55.4|69.8|57.7|64.1|65.1|81.8|54|45|39.9|51.6|5.7|8153|360|256|1235|1483|212|11485|4.8|0.9|67.4|25.9|5.7|0.0|61306|62298|61932|62592|6.4|17.1|20.9|19.7|63.1||180.0|100.0|23.0|621|110700|21763|55150|27678|13
East Haven School District|0.6|98|83.1|64.7|75.1|86.1|63.9|86.4|85.8|73.7|83.1|87.6|87|78.1|85.3|84.4|75.3|82|84.5|74.3|66.9|83.3|71.9|78|79.4|89.4|72.4|28.9|52.1|42|2.7|6047|2056|64|1380|1572|548|11895|4.5|0.0|63.2|22.3|14.5|0.0|58552|51444|55829|53120|4.9|18.4|18.2|20.8|68.0|58.0|211.0|55.0|17.9|722|125000|22396|53596|32207|10
East Lyme School District|1.3|94.8|93.4|86.8|93.9|95.7|90.2|96.2|90.9|88.8|94.9|93.4|95.6|93.3|93|94.4|94.4|88.5|93.2|90.8|90.8|89.9|95.4|94.4|95.7|96.4|86.5|5.3|71.4|19.6|2|7067|445|188|1421|1130|490|11960|2.4|0.4|69.0|24.6|6.0|0.0|54754|51375|57185|56107|0.7|16.2|18.3|18.9|88.7|5.0|242.0|91.0|32.4|722|163300|28765|73017|42500|5
East Windsor School District|0.7|95|68.7|67.3|80.6|77.4|67.8|87.8|78.4|61.9|79.4|78.4|82|73.9|75.5|82.1|74|75|77.3|75.3|85.7|80.4|83.2|79.5|85.8|94.6|53.4|25.7|63.1|34.2|2|6970|424|255|1152|1752|237|12074|4.6|0.0|36.1|60.2|2.8|0.9|59069|57372|58066|55922|3.9|18.2|19.2|17.5|90.8|25.0|191.0|90.0|29.4|703|129800|24899|59384|40641|4
Eastford School District|||91.7|87.5|100||||||||||||||88.5|88.5|92.3|92.3||||||7.5|||||||||||0.0|0.0|81.3|18.8|0.0|0.0|60875||64597|62902||10.0|20.0||54.5||||47.5|667|142200|25364|59813|31750|1
Easton School District|||95.5|85.6|94.7|96.8|92.8|97.6|97.7|93|96.9|98.4|97.7|94.6|97.7|96|98.4|96.7|97.7|99.2|96.9|100||||||0.5|92.9|5.3|1.1|8247|166|150|1225|1326|226|12670|4.6|0.0|65.5|17.2|17.2|0.0|62168|64011|72687|59340|0.3|20.0|22.0||99.2||238.0|54.0|22.4|1828|458800|53885|127744|66875|2
Ellington School District|1.2|92.9|93|85.1|93|95.2|84|95.2|95.1|89.3|96.6|94.6|94.8|91.6|88.5|95.6|89.7|92.2|95|85.7|87.2|94.6|93.1|94.8|95.2|97.4|71.5|4.7|61.6|36.1|2.1|6660|487|206|1103|850|298|10768|3.8|1.1|67.6|23.6|7.7|0.0|59669|60344|60565|64330|0.9|20.0|26.1|18.5|68.9|10.0|230.0|40.0|21.2|712|156300|27766|70775|44219|5
Enfield School District|2.5|89.5|83|65.5|75.8|88|74.7|86.2|89.6|83.5|91|92.9|92.9|86.3|84.7|87.7|83|85.9|86.4|76.8|75.7|87.3|83|83.7|79.3|87.6|66.3|23.8|57.2|38.7|3.9|7183|841|186|1183|1143|272|11712|4.9|0.4|70.0|21.7|7.7|0.2|58744|66179|60541|64350|1.3|16.7|18.9|20.4|68.2||190.0|60.0|31.3|719|123500|21967|59550|35558|13
Essex School District|||93.7|82.1|93.6|97.1|85.3|94.1|93.3|91.1|93.3|95.6|97.2|91.5|94.4|||||||||||||3.3|||||||||||7.8|0.0|78.4|19.6|2.0|0.0|52912|56534|||0.4|15.4|18.2||96.1|18.0|210.0|104.0|35.9|739|229800|42806|77379|31708|1
Fairfield School District|1.3|96.1|91.9|87.4|91.4|92|88.2|93.9|93.8|89|94.2|96.1|94.3|90.9|94.1|93.8|92|89.5|94.5|92.5|93|93.1|94.7|95|95.1|96.8|87.7|5|93.7|4.4|1.9|7847|1056|244|1612|1564|851|14323|5.4|1.0|51.5|11.3|36.1|0.0|68854|66459|71508|68232|2.4|18.9|22.0|18.0|95.2|7.0|200.0|85.0|31.3|1072|311200|43670|93470|46746|16
Farmington School District|0.7|96|91.5|89.4|94.5|94.6|90|96.7|96.1|93.4|98.2|98.5|94.3|92|91.7|94.8|93.6|93.3|96.3|92.8|90.1|95.3|93.8|96.4|94.4|97.2|89.4|5.4|91.9|5.5|1.6|6744|850|259|1439|1217|435|12270|4.1|3.8|72.0|15.6|8.3|0.3|63073|55134|66790|64993|1.5|16.9|22.4|18.2|94.4||180.0|90.0|35.6|860|184800|39102|80862|38485|6
Franklin School District|||91.3|87|87||||||||96.4|89.3|92.6|85.7|92.9|85.7|93.3|93.3|90|96.7||||||9.4|||||||||||0.0|0.0|57.1|33.3|9.5|0.0|60228|67967|69813|54894||18.0|20.0||83.3|24.0|210.0|68.0|34.8|692|145500|25477|65625|42708|1
Glastonbury School District|0.5|98.8|94.9|87.3|93|91.2|84.6|92.9|94.5|92.1|95.4|95.9|95|91|94.9|96.7|96.2|93.8|94.9|92.5|93.9|93.3|94.5|94.3|95.6|94.3|89.7|4.6|87.5|10.1|1.7|6477|653|267|1321|182|597|11391|5.5|2.4|69.5|17.1|11.0|0.0|61860|63482|66269|64424|1.4|16.8|21.9|19.7|96.3|12.0|198.0|62.0|20.2|775|213600|40820|89883|39444|8
Granby School District|0.4|99|96.2|87.9|93.6|97.5|87.4|92.9|94.4|89.5|95.7|95.7|97.9|96.3|94.1|97.8|97.8|95.7|97.3|96.7|95.6|97.8|93.9|95.6|97.2|93.9|76.7|4.5|73.2|22.8|1.7|6397|820|397|1340|1118|355|11270|5.0|0.6|50.9|25.8|22.6|0.0|60493|55667|59711|60450|0.1|18.4|20.1|20.2|96.6|21.0|205.0|104.0|24.7|815|180500|33863|84935|32708|5
Greenwich School District|0.9|97.5|89.8|83.4|90.8|91.4|86.4|93.1|94.2|92.3|93.6|96.4|91.8|86.3|89.5|92.9|91.9|89|93|89.7|89.2|92|89.8|90.8|87.4|94.2|88.2|8.9|94.5|3.1|2|11045|1096|342|1902|1672|372|17328|3.3|1.8|58.8|10.7|28.7|0.0|75128|75734|79737|72994|6.7|18.7|21.4|19.4|94.2|18.0|154.0|101.0|29.2|1322|691000|74346|122386|61574|15
Griswold School District|3.8|83.2|79.6|65.7|85.4|77.7|66.2|88.5|84.9|81.1|89.7|92.9|83|76.1|80.7|88.2|78.9|73.3|89.6|78.5|80.2|84|85.1|82.7|88.7|89.2|57.5|25.5|40.7|46.7|3.2|6204|423|280|1361|1529|167|11098|2.5|0.0|62.1|31.7|6.2|0.0|54671|59891|63871|57067|0.9|18.9|21.0|16.7|82.8||180.0|30.0|17.2|588|119100|21196|58431|33681|4
Groton School District|1.5|92.9|76.8|66.4|78|78.2|68.6|83.8|82.8|70.3|79.7|83.8|81.9|77.9|73.8|79.6|76.6|79.8|79.7|80.1|72.6|82.1|81.1|84|77.9|82.4|66.3|29.1|61.6|35.7|2.6|7734|1169|428|1586|1370|571|13724|1.4|0.5|65.5|15.4|18.8|0.0|68178|68573|66435|68028|1.9|16.8|22.6|21.7|59.9|15.0|180.0|105.0|34.4|687|133800|23995|60865|35939|14
Guilford School District|0.9|97.7|94.3|86.1|93.6|93.3|86.7|90.3|94.2|92.8|96.9|96.6|96.5|92.9|95.2|96.9|94.4|94.4|96.4|93.2|93.5|95.4|96.1|96.5|98.2|98.2|90|4.3|89.4|8.7|1.8|7015|746|206|1170|1564|302|12468|3.1|1.0|51.7|16.7|30.6|0.0|58614|57223|62341|58200|1.2|17.2|24.5|18.9|73.1|18.0|180.0|54.0|33.6|845|230500|37161|82756|43628|7
Hamden School District|1.9|95.6|74.2|62.7|77.8|71.2|62.8|79|76|63.6|72.1|75.7|85.2|77.3|84.4|77|70.8|79.6|69.3|66|57.1|73.2|68.4|73.2|69.1|83.5|76.7|23.9|70.3|26.6|2.8|8151|1107|124|1410|1317|253|13460|3.3|2.7|63.1|12.9|21.3|0.0|63129|66059|65447|58822|1.2|17.3|19.5|21.8|80.6||225.0|90.0|20.4|794|135100|26039|61751|35329|11
Hampton School District|||||||||90|95|90|95|84.6|88.5|88.5|||||||||||||6.6|||||||||||0.0|0.0|80.0|13.3|6.7|0.0|58940|67738|||0.6|19.0|20.0||73.7|24.0|180.0|91.0|49.7|553|137300|25344|63214|40000|1
Hartford School District|4.7|79.6|49.9|33.5|61.9|50|32.6|61|53.1|36.7|46.4|58.8|60.1|47.9|69.6|52.6|51.3|53.9|47|45.2|32.3|58.3|46.7|52.2|46.9|65.9|65.1|97.4|25.1|63.2|9.8|8370|1235|368|1689|1856|494|15491|7.8|2.0|56.0|39.1|2.8|0.1|56658|58802|61886|59555|16.6|18.9|20.3|19.8|34.2||220.0|67.0|15.9|560|95300|13428|43025|20211|36
Hartland School District|||85.7|89.3|96.4|91.3|87|95.7|100|100|100|100|90.3|87.1|90.3|96.3|100|100|91.3|87|91.3|91.3||||||0.9|||||||||||0.0|0.0|82.6|17.4|0.0|0.0|60073|47590|36811|35659||22.0|20.0||86.4|15.0|176.0|90.0|42.6|688|164300|26473|66750|40625|1
Hebron School District|||91.5|79.9|90.1|91.6|86.9|91|94.5|93.9|93.3|95.2|96.4|94.9|92.3|||||||||||||4|63.1|35|1.9|5987|712|250|940|862|323|9585|3.7|0.0|64.2|32.1|3.7|0.0|59442|54398|||0.3|16.2|21.3||94.5|9.0|177.0|66.0|21.7|713|170500|30797|81622|36806|2
Kent School District|||89.3|92.9|92.9|90.9|86.4|95.5|79.3|82.8|79.3|82.8|96.7|83.3|86.7|95.2|90.5|90.5|94.1|91.2|85.3|94.1||||||8.2|||||||||||0.0|0.0|77.8|11.1|11.1|0.0|60189|36387|63389|71743||12.5|14.5||76.9|24.0|180.0|100.0|52.8|803|193900|38674|65179|38750|1
Killingly School District|5.4|82.8|71.7|66.5|81.1|81.1|74.1|81.5|86.3|72.4|79.7|87.8|93|82.6|92|86|78.9|83.8|75.9|77.4|72.4|80.8|75|73.6|77.9|82.3|46.3|35.6|46.3|46.4|3.2|7471|715|291|1209|1458|607|13115|3.2|0.0|62.1|32.4|5.5|0.0|55630|60442|58362|59172|2.4|15.4|20.3|18.3|69.2|17.0|215.0|60.0|25.6|544|108200|19779|50530|26782|5
Lebanon School District|1.2|97.1|92.8|76.3|91.6|90.6|71.9|92.7|92.9|88.9|93.9|97|92.3|89.3|94.2|91.8|90.7|90.7|91.2|80.5|84.1|85.8|87.1|88.5|91.3|87|69|8.7|49.7|37|2.2|5867|806|234|1243|1206|290|10915|2.5|0.0|70.3|16.9|12.7|0.0|58157|52322|54358|53958|0.1|13.8|20.8|15.7|100.0|9.0|200.0|53.0|29.6|678|143300|25784|62580|40156|3
Ledyard School District|0.5|95.3|95.4|77.7|86.7|86.7|72.9|86.1|89.1|85.6|94.1|91|94.2|88.9|82.6|90.9|86.8|86.8|92.3|82.9|85.6|91.2|86.9|86.2|87.7|89.9|73.5|11.3|53.6|39.2|2|6724|666|252|923|1465|304|11441|5.5|1.4|67.9|18.3|12.4|0.0|62954|57177|61579|59727|1.4|16.1|18.5|19.2|82.6|27.0|180.0|35.0|28.7|789|143200|24953|66376|47574|6
Lisbon School District|||89.8|78|91.4|83.3|74.2|86.4|86.8|80.6|88.2|92.6|77.8|76.4|79.2|83|81.1|83|86.8|83|83|94.3||||||13|52.6|44.7|2|7533|252|195|1278|700|60|11626|2.2|0.0|76.1|13.0|10.9|0.0|60965|60871|60226|65055||10.3|22.7||85.4|35.0|176.0|75.0|42.4|658|131800|22476|58350|39167|1
Litchfield School District|1|91.4|92.5|83.9|88.2|88|80.4|89.1|87.2|86|90.7|89.5|96.2|92.4|89.9|89.2|89.2|89.2|92.2|89.7|90.5|93.1|94.5|98.2|94.5|97.3|85.6|6.2|86.5|11|2.3|7077|1028|210|1693|1296|825|13461|3.1|2.1|72.9|19.8|5.2|0.0|58940|60631|71995|56734||14.8|21.8|18.0|90.4|24.0|181.0|60.0|20.6|614|183700|30096|68098|29643|3
Madison School District|0.2|98.8|95.3|85.8|94.5|97.3|91.9|96.3|94.2|91.5|95.2|97.3|99|95.8|96.7|97.2|96|96.6|96.9|96.6|94.7|98.7|95|96|96.3|98|93.7|1.2|91.4|6.4|1.7|6234|874|324|1199|949|481|11392|7.5|0.3|65.5|19.8|14.3|0.0|57045|59490|61153|58756|0.1|21.0|22.5|21.0|94.7|15.0|183.0|85.0|19.0|872|258800|40537|95618|37798|6
Manchester School District|1.5|93.6|80.3|66.5|86.8|82.2|72|86.2|81|72.3|80.4|86|83.3|77.9|85.3|76.5|73.2|75|72.8|70|62.7|73.5|74.3|80.7|75.2|85.5|54.7|36.1|61.9|32.3|4.6|8093|906|307|1571|1501|414|13547|4.8|0.6|57.0|41.2|1.3|0.0|59013|58951|64905|55514|3.7|16.7|18.3|20.8|65.1|19.0|202.0|79.0|20.5|754|122900|25989|60372|37137|15
Mansfield School District|||90.2|82|95.1|86.4|80.8|93.1|90.8|88.7|96.5|94.9|91.2|86.7|86.8|96.2|89.8|89.9|90.6|89.3|92|89.3||||||14.5|64.1|33.3|2.3|9523|978|446|1444|1941|536|15771|1.7|2.5|80.2|12.4|5.0|0.0|69770|64292|71438|58274|2.7|18.1|18.1||81.1|27.0|188.0|55.0|35.2|626|144600|18094|72125|22156|4
Marlborough School District|1||93.3|88.9|94.4|89.5|82.6|88.2|90.2|90.1|92.4|92.4|91.4|87.1|88.2|||||||||||||3.5|||||||||||4.3|0.0|65.2|28.3|6.5|0.0|63664|80246|||0.6|17.4|18.0||88.5|10.0|190.0|80.0|31.9|634|178900|35605|83991|30313|1
Meriden School District|2.1|89.8|63.7|48.9|75|73.7|52.7|76.7|70.4|54.4|61.4|74|70.2|58.2|66.9|64.6|61.9|67|62|55.2|52.8|65.9|62.8|64.8|60.3|72.6|53.4|55.9|43.7|50.8|4.9|6931|926|212|1406|1345|164|11977|4.3|0.2|53.0|34.1|12.7|0.0|62879|66261|62448|62261|10.8|17.3|21.3|20.1|83.9|3.0|189.0|69.0|13.6|618|114700|20597|55348|25744|14
Middletown School District|1|96.1|80.4|70.6|83.8|79.1|70.1|86.1|83.5|75.9|80.9|90.3|84.9|73.7|82.4|74.5|70.6|71.6|69.5|64.5|63.1|76.1|69.9|77.9|73.9|85.4|69|32.6|66.7|28|4.6|8191|648|217|1469|1064|263|13755|3.1|0.8|53.1|20.7|25.4|0.0|66180|63673|63537|61012|2.7|18.0|18.0|20.6|83.0|18.0|207.0|60.0|18.9|665|134400|25720|62815|35535|12
Milford School District|1.8|94.9|89.2|77.4|91.7|89.4|79.8|92.8|91.3|82.8|86.1|92|91.3|83.4|87.1|86.6|83.2|82.3|84.1|82.3|85.3|85.6|82.4|85.2|87.1|90.2|72.1|14.3|85.9|11.7|2.2|8765|418|434|1440|1179|268|13444|5.1|3.0|56.0|19.5|21.4|0.2|58021|55941|57621|57329|2.5|17.5|19.9|20.0|86.1|21.0|204.0|76.0|27.1|860|166000|28882|67109|44063|14
Monroe School District|0.1|99.2|91.4|84.2|92|95.1|89|95.5|92.5|87.7|94|92.2|91.5|88.3|85|92.7|90.4|91.3|93|89.7|92.5|93.8|93.8|95.2|93.8|97.9|89.4|3.2|80.5|15|1.9|6806|809|136|1318|1100|440|11373|6.0|0.3|67.0|21.3|11.3|0.0|68888|62051|65575|66617|0.3|18.8|25.6|23.6|79.1|27.0|182.0|82.0|24.8|937|253500|34161|87179|38485|6
Montville School District|1.7|94.5|93.8|76|91.7|86.6|77|91.7|92.4|90.4|90.4|96.4|86.7|82.3|85.5|81.2|80.8|81.6|76.1|71|67.1|78.6|84.6|85|85.2|90.8|62.2|16|59.8|35.9|2.8|7278|749|484|1362|1124|323|12178|7.0|0.9|65.1|30.6|3.5|0.0|59649|60938|60280|59690|3.9|16.3|20.8|18.5|60.9||188.0|54.0|33.9|678|124400|22357|59512|35417|7
Naugatuck School District|1.3|91.1|75.1|53.4|76.4|74.4|53.1|78.9|71.5|60|80.9|75.3|79.1|76.8|78.7|75.9|72.9|74.9|81.4|71.7|71.6|81.6|85.6|87.2|85.7|92.6|52.1|31.6|48.4|47|4.2|7842|861|200|1328|1317|111|12286|5.2|0.0|61.8|14.9|23.3|0.0|67093|65846|66285|64292|4.8|17.7|23.6|20.2|76.2|12.0|212.0|43.0|18.0|631|128200|22757|59225|32472|11
New Britain School District|6.9|69.9|49.9|36|58.5|49.5|32.9|58.5|53.7|44.5|52.2|61.3|60.7|43.9|61.1|54|46.5|49.7|50.8|44.8|42.3|55.8|43.9|52.6|40.7|59.7|39.7|62.7|30.8|60.4|7.2|761|405|318|1306|1085|312|12535|4.6|1.9|68.0|20.8|9.3|0.0|64879|64218|65509|66316|16.3|21.3|24.0|22.0|74.8|18.0|186.0|92.0|16.0|574|97600|18404|49027|26580|15
New Canaan School District|0.2|98.4|97.3|92.7|96.7|97.1|95.1|98.1|95.9|92.2|97.3|96.6|97.5|95.7|95.4|97.5|96.7|78.6|95.3|95.9|95.3|97.8|98.3|99.3|98.6|99.7|96.8||94.4|3.9|1.8|8852|1435|195|2121|2380|307|16942|4.5|1.8|69.5|13.9|14.8|0.0|68228|71041|75132|70103|0.5|18.7|21.0|20.9|100.0|19.0|182.0|52.0|21.1|1379|792500|82049|164606|65037|5
New Fairfield School District|0.6|99.1|85.9|77.3|87.7|91.4|84.1|95.7|88.3|87.1|92.1|97.1|95.2|87.9|92.6|92.7|89.3|92.7|97.2|92.5|93.7|93.8|95|95|94.3|96.9|87.8|4.1|83.6|13.6|1.6|6671|832|220|1136|1170|233|11110|2.8|0.0|70.7|26.5|2.8|0.0|60133|63625|62082|59963|0.6|18.3|21.9|20.3|92.9||187.0|80.0|18.7|1004|228100|34928|85044|56111|4
New Hartford School District|||99|91.7|91.7|95.4|86.2|93.1|95.9|90.4|98.6|98.6|95.5|94.4|92.1|||||||||||||4.7|72.9|25.2|1.8|7283|456|151|1437|1094|80|11771|2.1|0.0|63.8|34.0|2.1|0.0|54167|||||16.6|18.3||97.5|22.0|181.0|65.0|30.5|757|176100|30429|75295|40893|3
New Haven School District|5.7|77.7|63.5|36.7|64.8|67.8|42.1|68.2|61.5|43.3|53.8|61.3|68.4|52|64.1|62.8|55.7|55.1|62.1|51.2|45.4|58.3|46.3|59.6|50.6|72.8|74.4|70.5|26.4|60.9|11.1|9149|420|262|1701|1861|506|15413|9.6|1.5|52.0|33.7|12.5|0.3|52159|53611|56142|56695|11.7|24.0|20.5|7.8|68.4|18.0|211.0|78.0|21.0|651|104300|16393|54514|21811|49
New London School District|2.6|81.1|51.7|37|60.4|45.3|35.8|65.8|69.4|52.5|58.3|73.9|61.7|49.1|63.3|52|43.8|46.9|45.1|35.4|29.9|54.5|45.1|50.6|52.8|75.2|48.1|73.5|36.8|55.6|6.9|8666|1078|311|1894|1821|695|13808|9.4|0.9|51.9|27.7|18.3|1.3|63980|63571|65728|56373|21.9|21.4|23.0|17.8|58.1|12.0|248.0|110.0|27.7|592|101500|18437|48070|26089|10
New Milford School District|1.7|96.2|88.1|69.4|85.4|86.3|79|89.9|85.3|76|86.6|89.4|88.8|81.1|86.6|90.6|90.4|85.8|91.2|84.7|84.9|85.2|91.2|92.8|93.3|95.7|88.9|9.3|73.2|22.8|2|6726|743|155|1141|1078|246|11429|5.6|0.9|60.9|32.1|6.2|0.0|58793|59033|58403|58670|2.5|19.3|21.9|20.3|79.7|13.0|212.0|46.0|23.4|777|180500|29630|75992|41108|5
Newington School District|0.8|98.4|86.8|81.9|92.4|85.9|78.1|93.2|84.1|77|87|87.5|92.4|85.7|89.5|88.8|87.2|89.9|87.5|89.8|85.7|93.1|89.7|91.7|86.8|95.2|72.8|16|74.4|23.8|1.7|6745|731|400|1675|1263|373|12285|1.5|1.2|51.7|24.5|22.6|0.0|63718|60991|65544|56006|3.6|18.9|19.7|20.3|79.5||||19.1|778|141600|26881|61894|41780|7
Newtown School District|1.9|96.5|95.5|87.6|95.7|96.1|91.2|97|95.3|89.9|94.9|95.7|95.3|92.7|92.5|97|92.4|92.2|96.7|93.9|95.8|93.7|94.6|91|93.8|93.9|85.2|2.6|88.8|9.3|1.8|6298|757|255|1542|1106|305|11591|6.5|1.0|74.3|14.3|10.1|0.3|62656|60084|65343|69192||18.4|23.2|20.4|93.1|21.0|197.0|40.0|20.3|735|262100|37786|93626|38977|6
Norfolk School District|||91.7|70.8|79.2||||100|95.8|95.8|95.8|84.8|78.8|87.9|||||||||||||11.4|||||||||||5.0|0.0|55.0|40.0|5.0|0.0|56581|||||18.0|23.0||100.0|27.0|231.0|40.0|55.4|644|188400|34020|68056|31250|1
North Branford School District|1.9|92.1|74.9|70.4|84.1|84|73.7|86.6|88|77.3|89.3|88.4|90.7|81.7|82.8|85.4|84.9|80.5|91.8|87.8|87.8|91.3|89.7|92.9|94.2|98.1|73.3|10.7|67.8|30.3|1.9|5652|936|263|1256|1236|645|11096|4.7|1.2|62.1|18.3|18.3|0.0|58303|66322|60019|55542|0.8|16.7|25.2|19.7|94.7|23.0|184.0|56.0|19.0|882|176300|28542|66647|49620|5
North Canaan School District|||84.6|69.2|87.2|88.9|86.1|88.9|100|91.4|100|100|94.6|86.5|91.9|88.1|83.3|78.6|90.7|72.1|83.7|81||||||17.8|||||||||||11.1|0.0|66.7|16.7|16.7|0.0|54171|43657|42731|72257|2.2|9.7|12.3||72.4|24.0|180.0|89.0|46.3|594|130800|18971|48185|26905|1
North Haven School District|1|96.1|90.2|80|88|85.6|77|90.3|89.2|83.6|89.5|92.9|90.3|82.1|90.3|85.7|87.5|88.4|88.7|89.4|88.1|91.1|83.8|91.7|85.3|92.6|87.7|8.3|87.9|10.1|1.7|5916|1063|121|910|1374|253|10861|2.8|0.4|49.1|33.9|16.6|0.0|58398|54833|59523|60682|1.8|20.3|21.3|21.9|80.3|5.0|169.0|74.0|19.2|800|178400|29919|68393|35343|6
North Stonington School District|3.3|91.3|91.5|83.1|91.5|88.1|76.3|86.4|85.2|85.2|91.8|90|87.1|65.4|80.6|87.7|78.9|77.2|82.1|83.6|92.5|83.6|92.7|94.5|92.7|96.4|75.8|16.9|72.5|24.3|2.6|8809|862|522|1288|2017|167|14574|2.6|2.6|64.5|26.3|6.6|0.0|61583|54742|62197|57525|0.1|17.7|20.7|15.1|81.1|30.0|182.0|64.0|23.6|690|159400|25815|60109|41691|3
Norwalk School District|1.5|96.3|80.4|64.8|80.4|77.5|61.1|79.3|78.4|70.5|79.1|85.1|71.9|65.4|68.6|78.5|74.6|73.1|78.9|72.5|68|79.8|75.2|79.8|76.4|87.4|71.4|29.7|85.5|11.1|3.1|9372|809|285|1409|1645|372|14853|3.1|3.4|67.0|23.1|6.6|0.0|72522|72489|76400|71711|12.4|21.0|19.7|20.7|81.6|30.0|270.0|90.0|23.6|875|249300|31781|74163|37495|19
Norwich School District|15.2|55.6|64.6|53.8|69.6|64.1|49.9|69.1|75.5|66|69.2|75.5|71.1|63.4|70|70.9|67.6|66.1|73|63.1|65.1|67.4|41.7|25|32|42.9||55.1|41.4|52.9|5.1|7450|1285|218|1364|1006|74|13797|4.4|0.4|78.6|17.0|4.1|0.0|57912|61480|62350|62776|9.5|17.5|18.9|8.8|77.5|15.0|181.0|49.0|26.0|588|106200|20742|52263|25923|14
Odyssey Community School District||||||67.6|55.9|73.5|71.9|56.3|71.9|78.1|88.2|81.8|82.4|73|86.1|91.9|77.1|82.9|82.9|74.3||||||20.9|0|93.4|1.1|5677|163|224|1172|1170|463|8869|17.6|0.0|47.1|47.1|5.9|0.0|38154|46407|49468|42348|||17.0||||||31.6||||||
Old Saybrook School District|0.4|98.3|90.5|82.1|94.6|88.5|80.6|92.3|88.2|84.9|92.4|95|85|81.7|90.5|91.5|91.4|96.1|94.4|91.6|93|95.8|91|95.9|94.2|97.5|80.5|8.2|91.5|4.9|2.3|6707|708|160|1586|1254|906|12297|2.8|0.0|55.9|29.4|14.7|0.0|52841|56261|57043|60058|3.7|17.4|19.7|23.0|89.3|45.0|225.0|40.0|22.2|853|193600|30720|65738|39583|3
Orange School District|||94|78.5|95.1|93.1|82.3|96.1|93.9|85.7|92.4|93.9|92.3|85.6|89.6|||||||||||||2.9|91.7|6.6|1.7|7789|886|297|1161|1325|42|12295|9.2|0.0|81.7|11.0|7.3|0.0|59972||||0.7|18.8|18.4||96.4|18.0|174.0|56.0|30.6|886|254200|36471|84448|40000|4
Oxford School District|0||90.7|80.9|93.4|89|79.8|90.1|94.4|86|92.3|96.5|87.6|86.4|85.3|90.8|91.9|86.7|90.5|85.3|83|89.2|80.6|89.7|87|86.9||6.5|78.3|20.3|1.4|6331|588|285|1236|1811|27|11226|5.2|0.0|56.5|17.4|25.2|0.9|64146|65697|67754|64054|1.6|21.5|28.8|16.9|100.0|21.0|197.0|60.0|12.8|688|209700|28250|80283|44625|3
Plainfield School District|3.4|82.8|81.3|67.6|85.8|87.9|71.6|84.7|91.2|79.3|83.5|86.9|86.5|81.5|89.4|85.3|84.7|82.2|78.3|80.8|79.3|84.8|75.8|73.7|74.3|84.7|42.8|28.4|41|49.3|4.1|6550|887|216|1124|1148|367|12095|4.1|0.5|70.9|22.4|6.1|0.0|57139|54549|47812|55329|0.8|14.1|21.0|19.7|78.1|28.0|216.0|60.0|19.2|595|106400|18706|50589|27275|5
Plainville School District|2.4|96.9|75.7|68|86.4|87.3|72.6|93.4|83.8|74.3|84.4|93.3|87.4|76.1|93.7|86.6|79.1|88.5|93|74.8|90.2|79|87.6|88.1|89.5|87.9|63.6|16.3|62.9|33.9|2.4|7509|604|315|1337|1245|391|12665|3.4|0.0|59.2|34.5|6.3|0.0|58628|58249|52835|59802|3.7|13.5|19.8|20.4|86.3|15.0|200.0|55.0|21.0|619|123500|23257|54363|32171|6
Plymouth School District|2.2|86.7|74.4|70.7|79.8|77.4|61.8|80.6|81|78.1|83.1|85.1|83.5|75.9|78.5|86|81.1|76.8|84.1|72.6|77.6|77.6|84|91.6|84.8|91.6|51.7|16.4|50.8|46.7|2.4|6454|640|274|1193|994|211|11025|1.5|0.8|72.0|13.6|13.6|0.0|60288|63378|66077|57506|0.7|13.5|21.3|20.3|88.4|30.0|188.0|40.0|19.0|610|122500|23244|63112|31813|5
Portland School District|0.3|98.8|81.4|79.7|85.6|88.7|79|86.1|89.5|84.6|91.4|91.3|91.8|89.6|89.6|89.4|88.5|91.3|95.6|87.7|87.7|90.4|87.2|83.7|89|88.2|77.6|10.1|70.8|26.8|2.3|6762|764|498|1614|1408|492|12488|5.8|0.0|69.9|25.2|4.9|0.0|52662|55374|66058|61315|0.1|16.0|21.0|19.8|94.6|30.0|211.0|100.0|33.4|630|152800|28229|72056|29667|4
Preston School District|||90|87.5|90|98|86|96|91.5|83|89.4|93.6|77.8|82.5|81|85.9|84.4|76.6|72.9|72.9|71.2|71.2||||||11.3|64.8|31.5|2.5|9024|781|512|1516|1179|172|15046|4.7|0.0|88.4|11.6|0.0|0.0|67876|60058|52347|57753|2.0|16.7|16.0||78.8|25.0|215.0|144.0|31.7|644|143100|24752|61146|31467|4
Putnam School District|6.6|86.4|80.5|51.7|64|85.2|67|79.5|82.1|67.9|85.9|71.8|80.2|64|58.1|81.3|65.4|56.7|82.7|72.3|71.1|79.5|78.9|70.3|77|82|54.5|43.7|43.3|50|5|7127|1260|275|1396|1449|220|13387|3.9|1.9|75.7|18.4|3.9|0.0|59303|59658|61769|64990|2.5|16.6|20.8|21.2|50.0||190.0|80.0|27.7|482|103100|20597|56672|25272|3
Redding School District|||98|89.4|97.4|96.2|91.1|96.8|97.3|90.4|95.9|95.9|94.9|89.9|92|99.3|98.6|97.2|97.1|96.4|92.8|95.7||||||1.1|92.6|4.6|2.1|9937|183|245|1448|1338|278|14918|7.6|1.9|66.7|7.6|23.8|0.0|69745|79349|72555|71616|0.2|19.0|21.1||99.1|24.0|186.0|53.0|44.5|1375|398000|50687|106781|77681|2
Regional School District 01|0.4|92|||||||||||||||||||||89.7|84.7|89.7|92.2|66.2|11.9|83.3|12.9|3.2|8884|1250|389|2015|1729|683|17223|3.8|1.9|50.9|15.1|32.1|0.0||60001|62228|61132||||16.4|||||32.0|683|190200|35912|58822|32663|1
Regional School District 04|1.6|93.7||||||||||||||93.2|94.3|92.6|94.5|90.9|89.1|94.5|90.4|93.1|93.2|93.8|77.3|7.7|87.5|10.5|2|7542|797|299|1654|2636|381|14396|2.3|0.0|54.7|32.6|12.8|0.0||53716|57582|56914|0.5|||14.2|||||42.1|768|193000|36967|70717|36071|2
Regional School District 05|0.8|98.3||||||||||||||97.1|94.3|95.1|94.8|92.3|92.7|97|95|96.3|97.3|97.5|89.9|1.9|91.9|6.6|1.5|7339|610|225|1451|2042|467|13591|6.1|1.5|52.3|26.9|19.3|0.0||58504|64984|60634|0.6|||18.7|||||20.5|914|262500|39679|88912|41379|3
Regional School District 06|0.7|97.8|89.2|85.1|86.5|74|72.7|92.2|85.4|82.9|95.1|87.8|93.9|92.7|92.7|92.6|96.3|93.8|92.4|78.8|85|85|96.4|85.2|95.4|89.8|76.4|7.2|82.9|8.7|2.4|7526|949|420|1750|1635|481|13767|7.5|1.1|57.0|35.5|6.5|0.0|59493|61606|64570|64777|1.2|15.4|16.4|19.7|76.6|18.0|180.0|54.0|27.8|740|206300|32775|64453|31354|4
Regional School District 07|0.3|99.4||||||||||||||92.9|89.6|91.6|86.9|85.2|88|91.8|95.7|96.2|95.7|97.3|71.1|4.4|74|19.7|1.4|7598|666|515|1606|1381|224|13796|5.3|2.1|50.5|36.8|9.5|1.1||56319|67641|57102|0.1|||16.5|||||15.9|699|173700|30421|70461|37969|1
Regional School District 08|0.5|92.4||||||||||||||95.3|91|90.1|93.9|88|89.6|95.4|92.2|94|95.7|96.1|77.6|3.1|69.7|28.3|2|7156|575|226|1175|1144|511|12310|6.9|0.0|61.8|28.5|9.0|0.7||57017|55718|56539||||16.2|||||22.9|679|171300|32387|80415|32353|2
Regional School District 09|0.3|99.6|||||||||||||||||||||98.3|98.7|97.5|99.6|92.9|0.5|93.1|6|0.9|11231|170|318|2099|1424|304|17672|4.9|6.1|68.3|14.6|11.0|0.0||68892|73375|73436|0.3|||20.5|||||21.9|1496|429500|52183|114046|72188|1
Regional School District 10|0.5|97.2|87.4|85.4|95.4|93.3|84.4|94.6|89.3|85.5|89.7|94.4|93.9|90.2|91.3|93.5|89.9|89.3|93.3|88.9|92.1|91.7|94.5|97.2|96.3|95.4|86.1|3|71.5|26.9|1.3|6032|647|305|1259|957|795|11246|5.2|0.5|70.0|16.4|13.1|0.0|54488|56495|52171|60909|0.8|16.9|21.2|18.9|91.8|9.0|180.0|90.0|21.7|781|184200|34590|78832|40650|4
Regional School District 11|0.6|94.6||||||||||||||89.4|83.6|75.8|86|72|84|78|87.2|87.2|87.5|87.2|54.1|16.5|66.8|30.8|2|9059|1354|422|2450|3484|351|18864|5.9|0.0|58.8|41.2|0.0|0.0||42593|56946|43072||||16.9|||||45.4|613|130400|23258|59957|40000|1
Regional School District 12|0.5|100|94.8|82.8|93.1|94.3|81.6|93.1|90.9|85.5|93.5|88.3|91.4|81.5|88.9|94|92.7|85.4|81.2|78.3|85.5|79.7|94.4|95.6|89.9|94.5|91.1|3.2|91.2|4.1|2|9445|1311|585|2578|1715|764|18198|2.9|0.0|68.6|20.6|10.8|0.0|62559|67808|60944|68207|0.7|11.2|15.6|17.2|92.9|25.0|211.0|59.0|24.2|863|309200|44020|81425|44286|6
Regional School District 13|0|94.7|85.9|79.2|83.7|90.5|82.8|89.9|93.4|86.7|95.6|94.4|88|84.2|86.1|93.9|90.6|92.2|95.6|86.7|90|95|95.5|94.3|97.5|96.2|83.8|4.9|74|23.7|1.7|7195|1190|172|1461|1086|643|13020|4.1|0.6|65.7|19.8|14.0|0.0|63455|61524|65933|63478|0.5|13.1|22.9|18.5|86.3||216.0|69.0|25.0|701|179500|27911|73219|41786|6
Regional School District 14|1.2|94.8|92.1|81.3|87|91.9|81.2|91.9|95.3|90.7|97.3|93.3|89.2|84.9|78.8|87.3|89|88.5|89.7|84.8|90.9|89.7|93.6|96.1|92.6|95.6|80.2|5.4|79.9|11.2|2.7|6956|1006|213|1302|1278|680|12953|4.2|0.0|73.3|26.7|0.0|0.0|60122|57817|55642|54667|0.9|22.2|19.1|22.1|82.9|21.0|181.0|57.0|23.3|801|229100|35671|79984|41686|5
Regional School District 15|1.5|95.1|94.4|88.5|93.5|93.3|86.6|96.9|95.6|91.5|95.6|96.2|97.2|92.7|95|91.7|92.3|89.7|93.3|91.3|94.1|93.9|96.2|96.4|97.2|97|89.1|2.2|89.7|7.8|1.9|6705|1048|245|1434|1063|290|11886|2.5|0.6|71.0|19.9|8.4|0.0|63625|61731|59188|62895|0.7|18.5|23.1|20.3|93.6|24.0|190.0|60.0|20.6|980|196000|32678|66453|37008|7
Regional School District 16|1|94.3|90.7|82.4|91.2|86.1|74.6|89.5|90.3|84.2|94.9|90.8|86.4|82.2|84.9|87.2|91.1|83.7|85.2|80.9|76.6|86.5|82.2|80.2|80.4|88.8|72.5|7.9|65.3|32|2.6|5926|752|240|1181|1286|831|11230|1.0|0.0|73.3|16.8|9.9|0.0|54480|58064|60150|60760|0.9|16.4|21.8|21.3|79.1|24.0|179.0|60.0|26.0|806|164300|26247|68426|44811|4
Regional School District 17|0.1|98.9|89.8|85.5|93|86.8|82.1|91.3|90.3|82.6|90.3|88.4|93|87|92|93.1|88.6|92.1|91.7|86.5|89.1|91.7|91.8|95|93.7|94.9|82.6|3.2|84.3|13.9|1.6|6811|682|247|2033|1245|289|12829|4.0|1.0|65.0|28.5|5.5|0.0|57160|62082|55038|57254|0.2|17.5|23.6|18.3|95.3|26.0|182.0|69.0|22.8|853|199600|31163|82090|59167|5
Regional School District 18|0.6|97.7|89.9|79.8|84.9|95.9|90.8|91.8|96.9|89.7|96.9|94.8|94.4|94.4|91.2|92.4|95|94.1|90.5|87.3|89.7|86.5|94.8|96.9|97.9|95.8|84.7|3.2|92.7|5.9|1.4|7814|1234|297|2452|1851|913|16144|7.1|1.4|49.3|10.7|38.6|0.0|64065|58872|60980|63127|0.1|15.0|16.8|16.1|93.3|27.0|222.0|75.0|34.3|845|254100|41805|75557|38162|5
Regional School District 19|1.3|89.7|||||||||||||||||||||94.3|95|93.5|97.8|64.3|6.6|58.9|35.2|1.8|8107|934|450|1231|1767|292|14768|1.9|3.7|61.1|25.9|9.3|0.0||64789|62612|59895|0.7|||16.8|||||15.7|639|143400|20897|68840|25021|1
Ridgefield School District|0.5|99.1|94.5|88.4|95.3|95.9|93|96.6|95.1|91.8|94.9|97.2|98.2|96.9|95.6|97.6|94.9|95.9|97.8|95.5|95.3|97.7|97.9|98.4|99.1|99.8|93.7|1|94.2|4.4|1.1|7711|657|179|1736|1015|762|13457|2.8|2.1|72.2|17.5|8.2|0.0|69139|69731|76543|75060|0.7|16.8|22.7|20.6|93.1|14.0|181.0|60.0|29.8|1130|435300|51795|119194|47903|7
Rocky Hill School District|0.8|94.2|91.5|79.8|92|90|81.7|92.2|88.4|82|89.4|93.1|86.4|86.3|86.4|91.7|95.3|94.8|90.1|90.6|87.7|93.4|89.4|94.1|91.5|96.2|78.6|7.7|85.8|12.5|1.7|6970|716|190|1450|982|515|11678|6.5|1.0|54.3|29.6|15.1|0.0|59639|62203|67077|62028|3.4|15.3|21.3|19.4|89.2|27.0|225.0|56.0|14.4|851|156900|29701|67035|44652|5
Salem School District|||90.5|88.1|88.1|95.1|88.5|95.1|96.7|90.2|96.7|95.1|97.1|88.2|91.2|95.2|93.7|84.1|93.5|93.5|91.2|86.7||||||5.7|||||||||||0.0|0.0|86.7|11.1|2.2|0.0|65572|58292|58743|62486||19.0|14.8||92.1|10.0|182.0|91.0|39.8|717|178600|27288|71971|37368|1
Salisbury School District|||97.9|89.4|93.5|90.3|90.3|96.8|93.3|90|96.7|93.3|95.7|95.7|91.3|86.8|94.7|89.5|96.9|93.8|96.9|81.3||||||8.1|||||||||||0.0|0.0|63.9|13.9|22.2|0.0|64084||52966|48495||18.0|15.0||59.5|45.0|180.0|54.0|65.5|693|246600|38752|58669|37379|1
Scotland School District|||85|70|95|72.7|63.6|87.9|89.7|83.3|86.7|90|90.9|81.8|77.3|||||||||||||23.2|||||||||||11.1|0.0|77.8|11.1|11.1|0.0|54951|19836||||16.0|15.0||93.8|10.0|210.0|90.0|53.8|706|135500|22573|58958|50278|1
Seymour School District|2.3|89.6|91.6|77.8|88.4|88.6|73.8|93.1|96.3|85.6|91|93.1|90.7|83|89.5|84.6|78.6|78.8|83.6|80.5|84.6|86.6|84.8|88.5|86.6|92.9|78.1|14.3|57.2|35.3|2.1|6087|682|293|1324|1493|275|10911|7.5|0.0|49.5|38.7|11.8|0.0|51142|63928|64270|63171|1.6|14.5|21.3|20.8|85.8|24.0|225.0|60.0|22.0|678|154500|24056|63071|35968|5
Sharon School District|||80|72|88|91.3||86.4|||||92|100|92||||86.1|83.3|83.3|83.3||||||13.7|||||||||||7.4|0.0|66.7|22.2|11.1|0.0|57159|49559|44074|75332|0.9|9.5|17.0||73.7|4.0|180.0|60.0|79.2|749|200000|45418|66974|30682|1
Shelton School District|1.8|93|85.5|78.4|92|84.1|74.8|87.9|89.8|85.6|90.8|91.9|89.6|83.9|82.7|91.2|90|83.7|88.5|86.6|85|89.7|90|93.6|89.2|95.2|76.5|11.3|87.5|10.5|2|6406|896|324|1366|1059|443|11346|5.1|0.5|55.8|18.5|25.2|0.0|65432|68913|63107|64833|2.1|18.6|22.5|18.5|88.7|18.0|181.0|88.0|18.6|790|209100|29893|73937|45833|10
Sherman School District|||97.8|84.4|88.9|97.8|80.4|91.3|89.5|78.9|82.5|89.5|98.3|98.3|95|94.4|94.4|96.3|95.3|97.7|93|100||||||2.2|||||||||||7.7|0.0|69.2|23.1|7.7|0.0|60990|57546|63422|47392|0.2|11.0|19.0||87.9|24.0|181.0|62.0|35.6|1038|268900|39070|79246|55156|1
Simsbury School District|0.4|98.1|92.7|82|86.8|96.1|90|95.5|96.4|91.1|94.8|96.9|96.1|95.6|95.6|96.8|95.8|95.8|95.6|94.2|93|97.6|97.1|97.8|97.8|99.3|92.6|3.7|87.1|10.8|1.8|7134|789|258|1191|964|778|11917|3.7|1.7|55.9|16.6|25.8|0.0|65349|65732|68742|63954|1.4|20.7|22.9|20.0|93.1|12.0|210.0|60.0|21.4|805|226300|39710|94677|41985|7
Somers School District|0.9|94.7|82.3|71.7|82.3|87.3|72|78.8|86.9|84.6|89.2|88.5|89.4|82.4|83.1|92.4|92.4|90.9|99.3|96.4|95|97.1|95.7|95|96.4|96.4|87.7|4.4|64.2|33.2|2.2|6677|608|205|1110|1026|226|11049|1.5|0.0|66.2|18.8|15.0|0.0|56234|64249|59320|62507|0.7|16.8|22.5|19.7|96.0||210.0|90.0|18.6|669|193900|23952|70922|31875|3
South Windsor School District|1.6|96.9|87.5|77.6|88.9|92.5|83.6|92.5|91.5|85.4|92.1|95.9|90.9|88.9|91.8|94.5|93.2|93.2|95|92.8|91.5|97.5|92.9|93.1|94.1|97.2|83.7|5.4|74.2|23.7|1.9|6828|806|356|1045|1214|345|11704|2.5|0.0|60.6|17.2|22.3|0.0|67286|62152|63983|63623|2.0|19.7|21.9|21.2|75.8|13.0|225.0|64.0|19.2|844|162700|30966|77081|50705|7
Southington School District|1.5|92.9|94.9|77|89.3|93.8|75.8|91.2|93.7|83.6|92|93.5|94.6|86.1|89.8|92.7|88.4|86|91|89.2|85.8|89.7|88.2|92.4|87.7|90.7|72.9|8.1|66.1|27|2.7|7024|783|199|1021|1175|142|11332|3.7|0.0|50.6|30.9|18.5|0.0|57273|62166|61861|57098|1.6|16.8|19.3|21.7|81.3||||14.0|687|159000|26370|67734|35538|12
Sprague School District|||66.7|57.6|93.9|78.1|71.9|87.5|81.5|85.2|88.9|92.6|85.3|79.4|76.5|92.5|87.5|90|90|85|87.5|95||||||28.5|||||||||||3.6|0.0|57.1|35.7|7.1|0.0|46283|42886|67482|42310|0.9|17.5|25.0||88.6|27.0|165.0|135.0|23.8|622|133000|20796|61066|27935|1
Stafford School District|3.3|88.7|89.8|72.6|87.3|89|76|92.5|82.5|79.2|90.8|89.2|90.8|83|91.5|97.5|89.8|95.5|93.8|84|89|95.1|89.9|90.7|90.8|89.9|60.8|21.9|52|43.9|3.5|7166|933|328|1239|1382|231|12904|2.7|0.0|68.7|24.5|6.8|0.0|59113|51222|62488|51543|0.8|15.9|20.2|18.3|96.7|9.0|197.0|61.0|20.0|619|127500|22017|60588|34766|7
Stamford School District|2.1|91.5|75.3|64|79.1|77.7|62.1|83.3|82.1|69.5|77|83.8|77.6|70|83|77.6|76.1|79.9|72.8|69.9|66.5|76|71.5|78.8|71.9|85.3|68.3|40.9|86.3|8.8|2.8|9088|983|241|1422|1755|959|15592|2.1|1.0|58.0|20.6|20.3|0.1|69340|71936|68072|69289|14.5|18.6|19.2|22.2|87.3|19.0|225.0|78.0|20.0|1007|306700|34987|77668|43412|19
Sterling School District|||86.7|77.8|84.4|74.6|57.6|78|74.5|54.5|85.5|76.4|86.5|71.2|73.1|71.7|79.2|73.6|81.1|79.2|83|83||||||26.4|||||||||||5.7|0.0|57.1|31.4|11.4|0.0|59860|36926|54314|35885||13.0|17.3||83.3|30.0|235.0|108.0|17.9|521|117300|19679|51855|28500|1
Stonington School District|1.8|94.2|88.6|82.1|86.3|89.2|78.9|87|88|80.7|91.7|92.2|88.8|87.2|87.7|89.7|87.3|80.3|83.8|86.4|87.4|88.4|87.8|88.4|87.9|92.4|68.7|9.3|87.6|9.6|2.6|6772|751|159|1490|1072|634|12227|4.1|0.5|77.0|14.3|8.2|0.0|58802|64274|59180|62227|0.5|18.8|20.6|24.6|82.2|18.0|182.0|82.0|29.6|641|167400|29653|61348|32764|7
Stratford School District|0.9|93.9|83.1|66.8|84.2|79.9|67.3|83.2|85.5|75.1|81.2|88.9|88.7|80.5|86|83.8|84.1|79.1|81.6|77.2|73.4|86|77.1|84.8|80.9|92.5|71.7|31.1|72|25.3|2.5|6797|1031|160|1223|1091|401|11825|3.9|0.4|57.1|20.4|22.1|0.0|67284|65455|72024|69431|4.0|19.1|19.9|21.6|69.3|10.0|193.0|60.0|20.4|764|159400|26501|58691|34675|13
Suffield School District|1|95.5|86|75.3|89.9|93.5|86|92|88.7|85.5|89.8|93.5|93.6|90.5|92.7|94.8|91.2|92.3|94.3|87.6|88.6|92.4|94.8|91.9|96.2|94.3|73.7|4.8|71.3|24.1|1.5|6837|722|220|899|1416|80|11140|3.7|0.5|66.0|30.9|2.6|0.0|60419|63010|66419|62982|0.2|18.1|21.1|19.2|90.8|15.0|183.0|60.0|19.8|714|171700|28171|74507|29884|5
Thomaston School District|0.8|92.3|86.8|69.2|84.6|80|69.5|80.9|84.6|83.7|97.5|85.6|86.7|76.5|74.2|81.3|75.8|75.3|76.9|74.1|70|79.6|82.3|90.6|90.6|92.7|66|13.7|55.7|41|3.1|6694|545|309|1205|1348|17|10685|5.2|1.0|55.7|29.9|13.4|0.0|55594|48028|44770|63625|0.6|16.6|20.2|20.8|79.5|10.0|180.0|68.0|17.5|649|131700|24799|61813|30594|4
Thompson School District|3.5|89.8|84.5|67.3|80.9|87.7|61.9|90.6|86.4|78.4|91|88.3|74.6|66.4|69.7|77.4|75.8|78.2|73.7|63.2|75.9|71.4|83.8|82.8|86.9|80.8|57.8|24.4|44.4|52|3.3|5372|715|278|1280|1658|216|11169|5.8|0.0|56.7|37.5|5.8|0.0|54570|48974|54962|50518|0.3|16.0|19.3|15.7|71.4||196.0|101.0|15.5|507|121000|21003|51786|27426|3
Tolland School District|0.5|99.5|86.7|83.9|91.2|91.4|81.6|92.1|90.3|85.6|92.6|93.4|93|92.2|91.8|91.7|87.5|89.4|92.2|92.6|93|92.6|94.8|90.5|94|92.2|85.8|3.4|62.9|35|1.9|6050|804|238|989|1057|331|10563|5.4|0.0|57.6|35.3|7.1|0.0|56703|60447|61993|58322|0.5|18.4|21.5|19.8|71.1|11.0|184.0|70.0|16.8|720|166700|29892|80340|33333|4
Torrington School District|3.9|83.4|73.5|60.5|81.4|80.2|66.8|83.9|81.8|72.5|79.1|84|89.7|82|77.2|82.2|74.5|68.8|85.9|74|75.6|79.2|79.9|81.1|73.9|85|57.8|30.9|53.7|42.8|3.2|7283|715|113|1313|1103|406|12520|4.4|0.6|62.5|29.4|7.6|0.0|57728|54878|61776|65413|6.1|16.8|20.8|20.2|76.4|10.0|180.0|50.0|21.3|591|112100|21406|53649|27590|8
Trumbull School District|0.3|99.4|97|85.6|94.3|96.8|88.8|94.7|96|89.8|95.3|96|94.9|92.4|93.8|93.2|93.3|92.8|92.9|94.2|91|96.1|92.7|95.5|94.8|98.4|88.3|3.4|89.3|6.1|2.3|6650|869|223|1225|1415|543|11847|4.7|0.4|65.7|16.3|17.6|0.0|65985|65332|66395|64084|1.3|17.3|22.9|21.7|93.8|22.0|172.0|67.0|21.9|1164|260200|34931|82105|47664|10
|||||||||||||||||||||||25|18.9|24.5|39.6|||||||||||||5.3|1.3|54.7|38.7|2.7|2.7|53197|56014|64003|57173|||||||||||||||
Union School District||||||||||||||||||||||||||||4.2|||||||||||0.0|0.0|77.8|11.1|11.1|0.0|54179|||||11.0|8.0||90.9|21.0|180.0|125.0|66.7|738|153500|27900|56250|42750|1
Vernon School District|3.6|90.6|78.9|67.7|80.8|76.4|69.8|85.1|85.4|75.7|79.9|86.6|85.9|78.6|75.8|82.8|81.9|75.7|84.4|73.8|76.3|73.5|80.7|81.9|86.2|86.6|69.3|27.9|55.6|40|3.1|7408|834|224|1282|1021|392|12555|6.7|0.0|65.4|29.5|5.0|0.0|60210|60452|59074|55278|1.6|18.5|18.7|20.1|73.5||182.0|36.0|26.6|653|131100|25150|61571|32003|8
Voluntown School District|||86.2|72.4|96.6|92.6|74.1|96.3|89.3|78.6|100|96.4|90.2|70.7|87.8|93.1|88.9|82.8|97.6|97.6|95.1|97.6||||||17.5|||||||||||11.5|0.0|80.8|19.2|0.0|0.0|46213|56752|59289|59289||12.5|14.0||92.0|40.0|165.0|80.0|59.7|619|127300|23707|61944|34375|1
Wallingford School District|2.1|95.9|90.2|81.2|90.2|89.3|75.5|90.1|90.1|82.3|91.9|91.3|89.5|80.9|82.9|89|86.6|84.3|91.1|83.2|88.8|90|89.7|90.8|90|88.2|77.4|7.6|68.6|27.7|2.2|6766|811|156|1140|1723|420|12243|3.2|0.4|42.3|19.5|37.8|0.0|59791|58982|63584|64162|4.0|16.0|20.0|20.9|83.0|28.0|215.0|55.0|27.7|705|157700|25947|66803|36250|12
Waterbury School District|0.9|88.7|70|49.2|72.1|69.4|47.4|74.6|73|53.2|58.4|70.3|61.1|52|58.5|56.8|53|60.3|54.3|52.2|42.7|63.7|48.3|57.2|47.9|76.6|47.8|72|36.4|56.2|6.5|6915|714|347|1134|1169|1086|12650|6.8|0.8|46.7|16.5|36.0|0.0|56982|59239|59798|56091|11.9|17.9|25.4|19.8|64.8||172.0|44.0|17.1|562|97800|17701|50277|23119|27
Waterford School District|1.6|92.9|89.6|79.7|92.1|87.3|78.7|87.6|88.2|82|95.5|91.4|92.7|87.3|88.8|89.8|88.7|87.2|90.7|88.4|87.4|92.5|86.9|92.4|94.9|94.5|74.3|8.9|91|6.5|2.3|7664|883|461|1551|1256|240|12393|4.7|0.0|70.1|24.8|5.1|0.0|67315|62868|69481|70709|0.9|16.1|18.7|22.1|81.4|20.0|180.0|83.0|30.0|753|150400|26807|59553|39924|8
Watertown School District|1.5|95.2|88.1|74.2|87.3|83.7|83.7|90.5|84.2|80.2|85.7|91.9|89.7|88.1|93.5|88.5|92.8|92.1|88|88.8|88.4|94.4|81.1|89|86.3|90.2|73|11.9|61.9|35.6|2.2|5965|425|153|1268|1334|146|10151|0.9|0.4|65.0|17.9|16.7|0.0|59166|63542|56117|62131|2.1|18.2|24.2|19.0|82.0|14.0|178.0|68.0|15.1|646|147200|26044|66587|33068|7
West Hartford School District|1.4|94.8|86.4|78.4|89.8|88.8|82.2|92|90.8|81.7|88.2|92.1|91.4|84.2|89.4|90.6|88.9|87.1|90.5|86.5|84.2|88.9|88.5|91.1|92.4|93.8|87.4|15.1|83.1|14.5|2.2|6794|791|153|1594|1584|414|12130|3.0|1.5|76.2|21.1|1.2|0.0|58123|60464|63786|63927|6.5|19.7|22.7|19.1|88.9||191.0|66.0|30.1|751|172300|33468|75747|36633|16
West Haven School District|3|93.6|74.8|66.5|80.4|72.7|62.9|83|82.3|72|81.9|91.1|74.7|69.6|75.5|77.9|73.9|75.9|78.1|70.4|70.5|75.2|65.4|72.3|65.1|85|64.3|43.2|41.7|53.4|4.5|7501|700|269|1518|935|416|11531|5.9|0.4|60.2|26.0|13.3|0.0|61189|57722|55800|64264|7.4|20.3|19.7|22.5|74.3||182.0|80.0|20.4|689|117000|21121|55690|30540|12
Westbrook School District|0.3|98.9|94.6|83.8|90.5|96.9|90.6|90.6|94.9|86.1|92.4|93.7|86.8|84.2|85.5|91.7|89.3|85.7|89.7|87.2|89.7|87.2|88.9|89|93.1|91.8|70|8.6|93.6|4.7|1.7|7505|1068|220|1508|1431|252|12990|6.5|0.0|58.1|37.6|4.3|0.0|59744|53125|64870|58320|1.2|14.3|19.3|17.4|80.7|27.0|174.0|50.0|35.4|675|186400|28680|65373|30243|3
Weston School District|0|100|96.4|91.8|94.8|97.1|89|96.7|95.9|91.8|98.2|95.3|97.8|95.1|96.2|97.6|96.6|96.6|97.4|98.4|96.9|99.5|95.3|98.2|96.8|99.5||0.7|94.9|3.8|1.1|9187|911|224|2238|1295|1327|16614|2.4|1.4|80.7|14.6|3.3|0.0|69553|69507|69042|71228|0.8|18.4|21.3|21.4|97.9|18.0|225.0|45.0|28.2|1151|633100|74817|151805|60806|3
Westport School District|0.3|99.7|95.3|88.6|91.6|96.8|90.3|95.9|98.2|95.2|97.2|98.4|99.1|97.1|99.5|97.4|95|97.2|97.6|96.5|96.5|99.1|96.4|98.5|97.7|98.5||1.9|95|3.3|1.3|9031|1115|314|1972|1623|830|16336|4.3|1.7|67.0|11.3|20.0|0.0|64937|66603|64812|67343|1.5|19.5|21.9|19.9|90.8|24.0|182.0|80.0|33.3|1302|617500|73664|133716|56534|7
Wethersfield School District|3.2|88|84|70.1|85.7|88.1|80.9|93.6|89.5|82.2|89.9|91.3|93.4|85.4|92|94.2|90.6|87.7|90.7|83.5|82.7|93.5|84.5|91.3|88.5|97.4|75.6|11.6|79.3|18.5|2.1|7751|519|238|1291|1084|253|12209|4.5|0.4|71.0|24.5|4.1|0.0|66218|66163|67699|71106|4.7|16.1|20.4|20.7|92.9|16.0|169.0|64.0|20.8|722|157400|28930|62579|32112|8
Willington School District|||69.1|67.3|85.2|77.4|62.3|75.5|98.5|87.9|98.5|84.8|89.6|85.5|80.5|92.8|85.5|89.9|86.9|83.1|79.8|86.9||||||10.9|62.9|34.1|3|7965|637|355|1187|1518|343|12874|5.5|0.0|81.8|12.7|5.5|0.0|57757|65444|55620|49739|0.2|19.0|17.3||86.0|30.0|182.0|58.0|32.2|659|144000|27062|67143|26849|2
Wilton School District|0.2|98.9|94.3|90.1|96.1|92.9|88.1|94.1|96|92.6|97.7|97.1|98.5|96.3|94.4|94.9|93.7|92.5|98.3|95.4|95.7|95.7|98.1|97.7|97.1|100|94.1|0.6|93.5|5|1.2|8680|1324|217|1589|1530|731|15129|4.3|1.8|58.5|20.1|19.5|0.0|71575|76990|76223|77633|0.8|18.5|20.9|19.2|99.4|18.0|229.0|72.0|22.6|1241|551600|65806|154382|54306|6
Winchester School District|9.1||85.2|63.6|87.9|72.6|62.4|85.3|74.4|68.6|76|86.7|87.8|83.5|87|71.7|67|67|79.5|75.4|74.6|86.1||||||36.5|56.3|40.6|2.8|6888|1393|213|1167|1589|243|13645|3.5|0.0|68.2|25.9|5.9|0.0|56297|63663|69469|67149|4.3|16.2|17.0|7.0|79.4|15.0|178.0|60.0|30.6|623|126600|22589|57898|29063|4
Windham School District|4.1|83|55.9|39.7|55.6|58.9|40.8|65.2|46.4|33.8|47.2|55.1|51|42.2|59.2|51.2|49.6|55|50.2|42.7|39.2|54.3|58|63|57.7|65.3|41.3|65.2|29.4|54.6|11.1|8722|784|278|1177|1148|213|13500|10.9|1.6|59.4|35.5|3.5|0.0|51689|55171|64660|49520|19.2|17.2|20.0|18.3|83.9|13.0|233.0|57.0|21.5|534|102200|16978|51373|22500|8
Windsor Locks School District|1.4|90|79.7|63.9|80|79.1|69.4|83.8|85.1|78.4|85.1|83.5|86.9|74.5|83.2|87.8|83.9|82.4|81.3|73.8|74.9|77.2|78.1|82|76.6|92.9|62.2|22.4|79|18.5|2|8394|939|268|1701|1280|584|13719|4.5|0.0|54.2|14.8|31.0|0.0|62860|62563|64890|56547|3.8|16.6|20.1|17.5|69.0|9.0|198.0|59.0|31.0|692|120400|23079|54678|38294|4
Windsor School District|1.8|92.9|70.3|56.4|77.6|78.9|63.4|83.1|76.9|68.9|80.4|81.3|81.9|69.3|80.8|87.7|74.8|79.1|85.4|70.5|74.9|82.7|79.4|74.6|73|86.5|77.8|24.9|75.5|21.8|2.2|7796|1162|253|1277|1765|600|13192|7.1|0.6|50.6|40.8|8.0|0.0|61278|54169|55481|55619|2.7|15.1|18.9|21.3|81.6|24.0|270.0|47.0|25.5|779|141100|27633|69277|40313|7
Wolcott School District|1|91.7|90.3|82.6|95.4|93.8|84.6|97.1|96.8|86.3|93.2|95.3|93.3|88.1|95.2|94.3|89.8|94.7|91.8|89|88.2|93.1|88.8|89.8|88|94.5|57.1|13.7|52.8|44.7|2|6615|426|281|1262|1114|205|10216|5.0|0.5|58.3|33.9|7.3|0.0|55109|58497|61079|54975|1.6|18.0|19.2|17.7|83.9|12.0|209.0|83.0|20.7|735|143500|25018|65269|32283|5
Woodbridge School District|||97.8|87.6|93.3|85.5|82.1|91.5|96.9|89.9|95.3|97.7|95.9|91|95|||||||||||||3.6|93.1|4.8|2|9349|177|439|1479|1959|97|14615|0.0|2.9|79.7|10.1|5.8|1.4|59761||72830|78903|1.4|17.8|22.3||94.4|36.0|200.0|45.0|45.8|964|322800|49049|106463|40469|1
Woodstock School District|||95.2|81|90.5|89|75|90|89|83.5|97.6|89|95.8|89.5|88.4|94.3|96.2|93.4|90.3|87.6|94.7|88.5||||||9.4|61.2|35.4|3|6540|673|383|1096|856|168|11039|13.8|0.0|76.9|13.8|9.2|0.0|54658|56914|54066|41150|1.2|19.2|21.3||88.5||186.0|64.0|19.6|648|143300|25331|63729|36369|2